decile,obs,pred,n
1,688.1044458464811,278.36308468667363,4755
2,484.948790746584,339.40954781248416,4755
3,524.0969505783409,384.49860801044855,4755
4,620.039505783389,430.22644703930735,4755
5,658.967245005258,477.59750990213564,4755
6,757.59963617245,530.912221558419,4755
7,847.768609884334,601.260717156792,4755
8,881.8009716088336,697.5688810681522,4755
9,1268.3943911671918,898.241366945423,4755
10,3661.9546613378266,2242.2999306347165,4754
