decile,obs,pred,n
1,431.09292141951937,412.87684208015435,4734
2,476.276504013522,476.03838892537357,4734
3,509.0186517328848,514.391379269283,4732
4,600.7979167547036,546.3500684711523,4733
5,691.6864567927345,576.9026968463877,4733
6,761.3154825765606,608.2349361489925,4735
7,798.1535862214746,647.4502250976807,4732
8,1039.5197739277448,716.3547346099504,4733
9,1319.705356841221,915.2697373398446,4736
10,3814.184899598391,102790.86781926047,4731
