{
  "roc_auc": 0.6658659156543063,
  "pr_auc": 0.04798083932072557,
  "accuracy": 0.7327977041142366,
  "precision_pos": 0.03175885508285013,
  "recall_pos": 0.5091212922991227,
  "f1_pos": 0.059788141309991535,
  "confusion_matrix": [
    [
      1246770.0,
      445846.0
    ],
    [
      14100.0,
      14624.0
    ]
  ]
}