decile,obs,pred,n
1,596.1396740273418,531.6630564497714,4755
2,579.1988727655129,631.7970881342738,4755
3,545.4706435331269,689.5649920471685,4755
4,620.4321493165122,735.7720474363139,4755
5,679.1497308096737,778.9378130082619,4755
6,732.6459768664587,817.0589218669361,4755
7,935.4600967402757,858.6294263502502,4755
8,1230.1786077812828,905.6676098319496,4755
9,1564.745341745528,962.6487730436642,4755
10,2910.095994951612,1186.3681126948038,4754
