decile,obs,pred,n
1,482.6948117770799,258.8721462544494,4755
2,441.951562565721,330.1807715383492,4755
3,595.3930536277617,373.764759263617,4755
4,543.6489316508967,416.8030746223825,4755
5,679.1102565720316,465.76428767410397,4755
6,780.7411608832823,519.8665246631531,4755
7,824.8112029442707,587.8952607667568,4755
8,960.8053438485792,681.032845393215,4755
9,1136.9622439537318,842.8676914484413,4755
10,3947.6167164493118,2020.1933138261443,4754
